Week,travel umroh: (Indonesia),biaya umroh: (Indonesia),doa umroh: (Indonesia)
2023-12-31,96,92,62
2024-01-07,78,64,72
2024-01-14,86,70,87
2024-01-21,84,70,87
2024-01-28,71,61,68
2024-02-04,69,52,55
2024-02-11,55,45,58
2024-02-18,76,55,78
2024-02-25,80,56,65
2024-03-03,68,54,62
2024-03-10,59,53,48
2024-03-17,61,57,35
2024-03-24,47,46,38
2024-03-31,49,44,33
2024-04-07,49,55,37
2024-04-14,67,62,63
2024-04-21,73,67,63
2024-04-28,67,61,55
2024-05-05,68,57,42
2024-05-12,68,58,42
2024-05-19,68,63,34
2024-05-26,68,56,32
2024-06-02,66,51,28
2024-06-09,72,59,26
2024-06-16,75,75,14
2024-06-23,66,46,18
2024-06-30,61,39,18
2024-07-07,67,52,35
2024-07-14,67,45,34
2024-07-21,80,44,54
2024-07-28,82,48,68
2024-08-04,76,48,71
2024-08-11,74,45,67
2024-08-18,75,45,67
2024-08-25,75,44,63
2024-09-01,73,54,63
2024-09-08,84,53,63
2024-09-15,84,53,72
2024-09-22,72,55,69
2024-09-29,74,54,63
2024-10-06,77,49,65
2024-10-13,94,52,70
2024-10-20,86,55,68
2024-10-27,85,48,65
2024-11-03,90,55,68
2024-11-10,85,50,71
2024-11-17,84,53,78
2024-11-24,79,54,68
2024-12-01,86,60,62
2024-12-08,93,52,70
2024-12-15,95,55,64
2024-12-22,95,55,70
2024-12-29,100,70,69
